<?xml version="1.0" encoding="UTF-8"?>
<!DOCTYPE mapper
 PUBLIC "-//mybatis.org//DTD Mapper 3.0//EN"
 "http://mybatis.org/dtd/mybatis-3-mapper.dtd">
 <mapper namespace="customerServiceSQL">
 	<!-- 공지사항 총글수 -->
 	<select id="getTotalC_notice" resultType="int">
 		select count(*) from C_notice
 	</select>
 	
 	<!-- 공지사항 리스트 -->
 	<select id="getNoticeList" parameterType="java.util.Map" resultType="customerService">
 		select * from 
 		(select rownum rn, tt.* from 
 		(select * from C_notice order by seq desc)tt) 
 		where rn between #{startNum} and #{endNum}
 	</select>
 	
 	<select id="getNoticeMainList" parameterType="java.util.Map" resultType="customerService">
 		select * from 
 		(select rownum rn, tt.* from 
 		(select * from C_notice order by seq desc)tt) 
 		where rn between #{startNum} and #{endNum}
 	</select>
 	
 	<!-- 공지사항 검색 총글수 -->
 		<select id="getTotalC_notice_Search" parameterType="java.util.Map" resultType="int">
 		select count(*) from C_notice where subject like '%'||#{keyword}||'%'
 	</select>
 	
 	<!-- 공지사항 검색 -->
 		<select id="C_notice_Search" parameterType="java.util.Map" resultType="customerService">
 		select * from 
 		(select rownum rn, tt.* from 
 		(select * from C_notice
 		 where subject like '%'||#{keyword}||'%'
 		 order by seq desc)tt) 
 		where rn between #{startNum} and #{endNum}
 	</select>
 	
 	<!-- 공지사항 작성 -->
 	<insert id="C_notice_Write" parameterType="java.util.Map">
 		insert into C_notice values(seq_C_notice.nextval
		 							,#{subject}
		 							,#{content}
		 							,sysdate)
 	</insert>
 	
 	<!-- 공지사항 내용보기 -->
 	<select id="getNoticeInfo" parameterType="String" resultType="customerService">
 		select * from C_notice where seq=#{seq} 
 	</select>
 	
 	<!-- 공지사항 삭제 -->
 	<delete id="C_notice_Delete" parameterType="String">
 		delete C_notice where seq=#{seq}
 	</delete>
 	
 	<!-- 공지사항 수정 -->
 	<update id="C_notice_Modify" parameterType="java.util.Map">
 		update C_notice set subject=#{subject} , content =#{content} where seq=#{seq}
 	</update>
 	
 	<!-- 고객의 소리 문의하기 -->
 	<insert id="C_checkInquire" parameterType="customerService">
 		insert into C_inquire values(seq_C_inquire.nextval
 											,#{email}
		 									,#{classify}
		 									,#{name}
		 									,#{phone}
		 									,#{subject}
		 									,#{content}
		 									,seq_C_inquire.currval
		 									,0
		 									,0
		 									,0
		 									,0
		 									,sysdate)
 	</insert>
 	
 	<!-- 고객의 소리 문의 받은 글수 -->
 	<select id="getTotalC_inquire" resultType="int">
 		select count(*) from C_inquire
 	</select>
 	<!-- 고객의 소리 리스트 불러오기 -->
 	<select id="getInquireList" parameterType="java.util.Map" resultType="customerService">
 		select * from 
 		(select rownum rn, tt.* from 
 		(select * from C_inquire order by ref desc, step asc)tt) 
 		where rn between #{startNum} and #{endNum}
 	</select>
 	
 	<!-- 고객의 소리 문의글 검색된 총글수 -->
 	<select id="getTotalC_inquire_Search" parameterType="java.util.Map" resultType="int">
 		select count(*) from C_inquire where ${searchOption} like '%'||#{keyword}||'%'
 	</select>

 	<!-- 고객의소리 검색된글 불러오기 -->
 	<select id="C_inquire_Search" parameterType="java.util.Map" resultType="customerService">
 		select * from 
 		(select rownum rn, tt.* from 
 		(select * from C_inquire
 		 where ${searchOption} like '%'||#{keyword}||'%'
 		 order by ref desc, step asc)tt) 
 		where rn between #{startNum} and #{endNum}
 	</select>
 	
 	<!-- 고객의 소리 문의받은 글 내용 불러오기 -->
 	<select id="getInquireInfo" parameterType="int" resultType="customerService">
 		select * from C_inquire where seq=#{seq}
 	</select>
 	
 	<!-- 고객의 소리 문의 받은 글 답변하기 -->
 	<select id="getReplyInfo" parameterType="String" resultType="customerService">
 		select * from C_inquire where seq=#{seq}
 	</select>
 	
 	<!-- 답글 -->
 	<update id="C_inquire_Reply1" parameterType="customerService">
 		update C_inquire set step=step+1 where ref=#{ref} and step>=#{step}
 	</update>
 	<!-- 답글 -->
 	<insert id="C_inquire_Reply2" parameterType="customerService">
 		insert into C_inquire(seq, name, subject, content, ref, lev, step, pseq, reply, logtime) values(seq_C_inquire.nextval
												 								,#{name}
												 								,#{subject}
												 								,#{content}
												 								,#{ref}
												 								,#{lev}
												 								,#{step}
												 								,#{pseq}
												 								,#{reply}
												 								,sysdate)
 	</insert>
 	<!-- 답글 -->
 	<update id="C_inquire_Reply3" parameterType="customerService">
 		update C_inquire set reply = reply+1 where seq=#{pseq}
 	</update>
 	
 	
 	
 	
 	
 	<!-- 자주묻는 질문 -->
 	<insert id="C_QnA_checkWrite" parameterType="java.util.Map">
 		insert into C_QnA values(seq_C_QnA.nextval
		 							,#{classify}
		 							,#{subject}
		 							,#{content})
 	</insert>
 	
 	<!-- 자주묻는 질문 리스트 -->
 	<select id="getQnAList" resultType="customerService">
 		select * from C_QnA
 	</select>
 	
 	<!-- 자주묻는 질문 분류에 맞는 리스트 불러오기 -->
 	<select id="getQnA_Classify" parameterType="String" resultType="customerService">
 		select * from C_QnA where classify=#{classify}
 	</select>
 	
 	<!-- 자주 묻는 질문 삭제 -->
 	<delete id="C_QnA_Delete" parameterType="java.util.List">
 		delete C_QnA where seq in 
		<foreach collection="list" item="item" open="(" close=")" separator=",">
			#{item}
		</foreach>
	</delete>
 	
 	
 	
 	
 	
 	
 	
 	<!-- 주요시설 연락처 총글수 -->
 	<select id="getTotalC_contactList" resultType="int">
 		select count(*) from C_contactList
 	</select>

 	<!-- 주요시설 연락처 리스트 불러오기 -->
 	<select id="getContactList" parameterType="java.util.Map" resultType="customerService">
 		select * from 
 		(select rownum rn, tt.* from 
 		(select * from C_contactList order by seq desc)tt) 
 		where rn between #{startNum} and #{endNum}
 	</select>
 	
 	<!-- 주요시설 연락처 검색 총글수 -->
 	<select id="getTotalC_contactList_Search" parameterType="java.util.Map" resultType="int">
 		select count(*) from C_contactList where ${searchOption} like '%'||#{keyword}||'%'
 	</select>
 	
 	<!-- 주요시설 연락처 검색 -->
 	<select id="C_contactList_Search" parameterType="java.util.Map" resultType="customerService">
 		select * from 
 		(select rownum rn, tt.* from 
 		(select * from C_contactList
 		 where ${searchOption} like '%'||#{keyword}||'%'
 		 order by seq desc)tt) 
 		where rn between #{startNum} and #{endNum}
 	</select>
 	
 	<!-- 주요시설 연락처 관리자가 등록하기 -->
 	<insert id="C_contactList_checkWrite" parameterType="java.util.Map">
 		insert into C_contactList values(seq_C_contactList.nextval
		 							,#{classify}
		 							,#{facility}
		 							,#{title}
		 							,#{name}
		 							,#{phone})
 	</insert>
 	 	
 	<!-- 주요시설 연락처 삭제 -->
 	<delete id="C_contactList_Delete" parameterType="java.util.List">
 		delete C_contactList where seq in 
		<foreach collection="list" item="item" open="(" close=")" separator=",">
			#{item}
		</foreach>
	</delete>
 	
 	
 	
 	
 	
 	
 	<!-- 이미지작성  -->
	<insert id="imageboardWrite" parameterType="imageboard">
		insert into customerImageboard values(seq_customerImageboard.nextval
											,#{postSelect}
											,#{imageName}
											,#{image1}
											,#{startDate1}
											,#{endDate2}
											,#{eventLink})
	</insert>
	<!-- 총글수 -->
	<select id="getImageboardTotalA" resultType="int">
		select count(*) from customerImageboard
	</select>
		<!-- 이미지목록 -->
	<select id="imageboardList" parameterType="java.util.Map" resultType="imageboard">
		select * from(
		select rownum rn, tt.* from(
		select * from customerImageboard order by seq desc)tt
		)where rn <![CDATA[ >= ]]> #{startNum} and rn<![CDATA[<=]]> #{endNum}
	</select>
	
	<!-- 이미지삭제  -->
	<delete id="imageboardDelete" parameterType="java.util.List">
		delete customerImageboard where seq in
		<foreach collection="list" item="item" open="(" close=")" separator=",">
			#{item}
		</foreach>
	</delete>
	
	<select id="getList" parameterType="java.util.List" resultType="imageboard">
		select * from customerImageboard where seq in
		<foreach collection="list" item="item" open="(" close=")" separator=",">
			#{item}
		</foreach>
	</select>
	
	<!--박람회 정보 넣기-->
	<insert id="eventInfoWrite" parameterType="eventboard">
		insert into eventboard(seq
							  ,postSelect
							  ,imageName
							  ,image1
							  ,startDate
							  ,endDate
							  ,eventLink
							  ,startTime
							  ,endTime
							  ,eventPlace
							  ,eventPrice
							  ,eventSeats
							  ,eventRate
							  ,eventContent)
					 values(seq_eventboard.nextval
							  ,#{postSelect}
							  ,#{imageName}
							  ,#{image1}
							  ,#{startDate}
							  ,#{endDate}
							  ,#{eventLink}
							  ,#{startTime}
							  ,#{endTime}
							  ,#{eventPlace}
							  ,#{eventPrice}
							  ,#{eventSeats}
							  ,#{eventRate}
							  ,#{eventContent})
	</insert>
	
	<!--연극 정보 넣기-->
	<insert id="eventInfoWrite_play" parameterType="eventboard">
		insert into eventboard_play(seq
							  ,postSelect
							  ,imageName
							  ,image1
							  ,startDate
							  ,endDate
							  ,eventLink
							  ,startTime
							  ,endTime
							  ,eventPlace
							  ,eventPrice
							  ,eventSeats
							  ,eventRate
							  ,eventContent)
				   values(seq_eventboard_play.nextval
							  ,#{postSelect}
							  ,#{imageName}
							  ,#{image1}
							  ,#{startDate}
							  ,#{endDate}
							  ,#{eventLink}
							  ,#{startTime}
							  ,#{endTime}
							  ,#{eventPlace}
							  ,#{eventPrice}
							  ,#{eventSeats}
							  ,#{eventRate}
							  ,#{eventContent})
	</insert>

	
	<!--메인 슬라이드 용 이미지 불러오기-->
	<select id="getImageboardSlide" parameterType="java.util.List" resultType="imageboard">
		select * from customerImageboard where seq in 
		<foreach collection="list" item="item" index="index" open="(" close=")" separator=",">
			#{item}
		</foreach>
	</select>
	
	<!--박람회 업로드 리스트 가져오기  -->
	<select id="eventboardList" parameterType="java.util.Map" resultType="eventboard">
		select * from(
		select rownum rn, tt.* from(
		select * from eventboard order by seq desc)tt
		)where rn <![CDATA[ >= ]]> #{startNum} and rn<![CDATA[<=]]> #{endNum}
	</select>
	
	<!--연극 업로드 리스트 가져오기  -->
	<select id="eventboardList_play" parameterType="java.util.Map" resultType="eventboard">
		select * from(
		select rownum rn, tt.* from(
		select * from eventboard_play order by seq desc)tt
		)where rn <![CDATA[ >= ]]> #{startNum} and rn<![CDATA[<=]]> #{endNum} and postSelect =2
	</select>
	
	<!--박람회 업로드 리스트 총 글수 가져오기 -->
	<select id="getEventboardTotalA" resultType="int">
	select count(*) from eventboard where postSelect = 1
	</select>
	
	<!--연극 업로드 리스트 총 글수 가져오기 -->
	<select id="getEventboardTotalA_play" resultType="int">
		select count(*) from eventboard_play where postSelect = 2
	</select>
	
	<!-- 박람회  업로드 리스트 삭제   -->
	<delete id="eventboardDelete" parameterType="java.util.List">
		delete eventboard where seq in
		<foreach collection="list" item="item" open="(" close=")" separator=",">
			#{item}
		</foreach>
	</delete>
	
	<!-- 연극  업로드 리스트 삭제   -->
	<delete id="eventboardDelete_play" parameterType="java.util.List">
		delete eventboard_play where seq in
		<foreach collection="list" item="item" open="(" close=")" separator=",">
			#{item}
		</foreach>
	</delete>
	
	
	<!-- 호텔정보 넣기 -->
	<insert id="hotelInfoWrite" parameterType="hotelboard">
		insert into hotel_list values(seq_hotel_list.nextval
						  			  ,#{postSelect}
									  ,#{imageName}
									  ,#{image1}
									  ,#{eventLink}
									  ,#{eventPlace})
	</insert>
	
	<!-- 호텔리스트 -->
	<select id="hotelList" parameterType="java.util.Map" resultType="hotelboard">
		select * from 
 		(select rownum rn, tt.* from 
 		(select * from hotel_list order by seq desc)tt) 
 		where rn between #{startNum} and #{endNum}
	</select>
	
	<!-- 호텔리스트 총글수 -->
	<select id="getHotelboardTotalA" resultType="int">
		select count(*) from hotel_list
	</select>
	
	<!-- 호텔  업로드 리스트 삭제   -->
	<delete id="hotelDelete" parameterType="java.util.List">
		delete hotel_list where seq in
		<foreach collection="list" item="item" open="(" close=")" separator=",">
			#{item}
		</foreach>
	</delete>
	
	<!-- 호텔이미지 삭제리스트 불러오기 -->
	<select id="hotelImageDel" parameterType="java.util.List" resultType="hotelboard">
		select * from hotel_list where seq in
		<foreach collection="list" item="item" open="(" close=")" separator=",">
			#{item}
		</foreach>
	</select>
	<!--박람회 정보 보기(수정하기 위해)  -->
	<select id="getEventboard" parameterType="java.lang.String" resultType="eventboard">
		select * from eventboard where seq = #{seq}
	</select>
	<!--호텔리스트 정보 보기  -->
	<select id="getHotelboard" parameterType="java.lang.String" resultType="hotelboard">
		select * from hotel_list where seq = #{seq}
	</select>
	<!--호텔리스트 정보 수정  -->
	<select id="C_hotelboardMod" parameterType="hotelboard">
		update hotel_list set imageName=#{imageName},image1=#{image1},eventLink=#{eventLink},eventPlace=#{eventPlace} where seq=#{seq}
	</select>
	
	<!--연극정보 예매DB에 저장-->
	<insert id="eventInfoWrite_play_bookDB" parameterType="customerService.bean.PlayBookDTO">
		      															  										  
	insert into eventboard_play_book(seq
									,num
									,imageName
									,playDate
									,playTicket
									,remainTicket
									,ticketPrice
									,bookTicket
									,bookMemberId
									,bookStatus)
							values (seq_eventboard_play_book.nextval
									,#{num}
									,#{imageName}
									,#{playDate}
									,#{playTicket}
									,#{remainTicket}
									,#{ticketPrice}
									,#{bookTicket}
									,#{bookMemberId}
									,#{bookStatus})
						
	</insert>
	
	<!-- 박람회 부스 매출현황  -->
	<select id="getSalesExhibition" parameterType="java.lang.String" resultType="salesExhibitionDTO">
 		select sum(endDate-startDate+1) as saleDays, sum(totalrent) as totalRent, boothName from EXHIBITIONRENTAL where STARTDATE BETWEEN #{salesMon} and (select last_day(#{salesMon}) from dual) group by BOOTHNAME
 	</select>
 	<!-- 박람회 부스 총 매출현황  -->
 	<select id="getSalesTotalRentExhibition" parameterType="java.lang.String" resultType="int">
 		select sum(totalrent) as salesTotalRent from EXHIBITIONRENTAL where STARTDATE BETWEEN #{salesMon} and (select last_day(#{salesMon}) from dual)
 	</select>
 	<!-- 박람회 연 월 부스별 총 매출 -->
 	<select id="getYearMonthSalesExhibition" parameterType="java.util.Map" resultType="salesExhibitionDTO">
		select sum(totalrent) as totalRent, SUBSTR(startDate,0,5) as yearMonth, BOOTHNAME from EXHIBITIONRENTAL where STARTDATE BETWEEN #{start} and (select last_day(#{end}) from dual) group by SUBSTR(startDate,0,5), BOOTHNAME 	
 	</select>
 	<!-- 콘서트 홀 매출현황 -->
 	<select id="getSalesConcertHall" parameterType="java.lang.String" resultType="customerService.bean.SalesConcertHallDTO">
 		select sum((select last_day(#{salesMon}) from dual)-startDate) as saleDays, sum(totalrent) as totalRent, hallName from concertHall where STARTDATE BETWEEN #{salesMon} and (select last_day(#{salesMon}) from dual) group by hallName
 	</select>
 	<!-- 콘서트 홀 총 매출현황 -->
 	<select id="getSalesTotalRentConcertHall" parameterType="java.lang.String" resultType="int">
 		select sum(totalrent) as salesTotalRent from concertHall where STARTDATE BETWEEN #{salesMon} and (select last_day(#{salesMon}) from dual)
 	</select>
 	<!-- 콘서트 홀 연 월 홀별 총 매출 -->
 	<select id="getYearMonthSalesConcertHall" parameterType="java.util.Map" resultType="customerService.bean.SalesConcertHallDTO">
 		select sum(totalrent) as totalRent, SUBSTR(startDate,0,5) as yearMonth, hallName from CONCERTHALL where STARTDATE BETWEEN #{start} and (select last_day(#{end}) from dual) group by SUBSTR(startDate,0,5), hallNAME
 	</select>
 	<!-- 비즈니스룸 매출현황 -->
 	<select id="getSalesBusinessRoom" parameterType="java.lang.String" resultType="customerService.bean.SalesBusinessRoomDTO">
 		select sum(totalRent) as totalRent, roomName from businessRoom where STARTDATE BETWEEN #{salesMon} and (select last_day(#{salesMon}) from dual) group by roomName
 	</select>
 	<!-- 비즈니스룸 총 매출현황 -->
 	<select id="getSalesTotalRentBusinessRoom" parameterType="java.lang.String" resultType="int">
 		select sum(totalrent) as salesTotalRent from businessRoom where STARTDATE BETWEEN #{salesMon} and (select last_day(#{salesMon}) from dual)
 	</select>
 	<!-- 비즈니스 룸 연월 룸 별 총 매출 -->
 	<select id="getYearMonthBusinessRoom" parameterType="java.util.Map" resultType="customerService.bean.SalesBusinessRoomDTO">
 		select sum(totalrent) as totalRent, SUBSTR(startDate,0,5) as yearMonth, roomName from businessRoom where STARTDATE BETWEEN #{start} and (select last_day(#{end}) from dual) group by SUBSTR(startDate,0,5), roomNAME
 	</select>
 	<!-- 콘서트 티켓 매출현황 -->
 	<select id="getSalesConcertTicket"  parameterType="java.lang.String" resultType="eventboard">
 		select sum(ticketPrice*bookTicket) as totalRent, IMAGENAME from EVENTBOARD_PLAY_BOOK where playDATE BETWEEN #{salesMon} and (select last_day(#{salesMon}) from dual) group by IMAGENAME
 	</select>
 	<!-- 콘서트 티켓 총 매출액 -->
	<select id="getSalesTotalRentConcertTicket" parameterType="java.lang.String" resultType="int">
		select sum(sum(ticketPrice*bookTicket)) as salesTotalRent from EVENTBOARD_PLAY_BOOK where playDATE BETWEEN #{salesMon} and (select last_day(#{salesMon}) from dual) group by BOOKMEMBERID
	</select> 	 	
	<!-- 콘서트 티켓 연월 총 매출 -->
	<select id="getYearMonthConcertTicket" parameterType="java.util.Map" resultType="eventboard">
		select sum(ticketPrice*bookTicket) as totalRent, SUBSTR(playDate,0,5) as yearMonth, imageName from EVENTBOARD_PLAY_BOOK where playDate BETWEEN #{start} and (select last_day(#{end}) from dual) group by SUBSTR(playDate,0,5), imageName
	</select>
	<!-- 박람회 티켓 매출현황 -->
	<select id="getSalesExhibitionTicket"  parameterType="java.lang.String" resultType="eventboard">
 		select sum(ticketPrice*bookTicket) as totalRent, IMAGENAME from EVENTBOARD_EXHIBITION_BOOK where playDATE BETWEEN #{salesMon} and (select last_day(#{salesMon}) from dual) group by IMAGENAME
 	</select>
	
	<!-- 박람회 티켓 총 매출 -->
	<select id="getSalesTotalRentExhibitionTicket" parameterType="java.lang.String" resultType="int">
		select sum(sum(ticketPrice*bookTicket)) as salesTotalRent from EVENTBOARD_EXHIBITION_BOOK where playDATE BETWEEN #{salesMon} and (select last_day(#{salesMon}) from dual) GROUP BY seq hAVING seq > 0
	</select>
	
	<!-- 박람회 티켓 연월 총 매출 -->
	<select id="getYearMonthExhibitionTicket" parameterType="java.util.Map" resultType="eventboard">
		select sum(ticketPrice*bookTicket) as totalRent, SUBSTR(playDate,0,5) as yearMonth, imageName from EVENTBOARD_EXHIBITION_BOOK where playDate BETWEEN #{start} and (select last_day(#{end}) from dual) group by SUBSTR(playDate,0,5), imageName
	</select>
	
	<!-- 회원정보  -->
 	<select id="getMemberList" resultType="member" parameterType="java.util.Map">
		select * from(
		select rownum rn, tt.* from(
		select * from membertable where code=1 order by M_name)tt
		)where rn <![CDATA[ >= ]]> #{startNum} and rn <![CDATA[<=]]> #{endNum}
 	</select>
 	
	<!-- 회원 정보 페이징처리 -->
	<select id="getMemberListTotal" parameterType="java.util.Map" resultType="int">
		select count(*) from membertable where code=1
	</select>
	
 	<!-- 회원 검색 -->
 	<select id="memberListSearch" parameterType="java.util.Map" resultType="member">
		select * from (
		select rownum rn, tt.* from(
		select * from membertable where ${memberSearchOption} like '%'||#{memberSearch}||'%' and code=1 order by M_name)tt
		)where rn <![CDATA[ >= ]]> #{startNum} and rn<![CDATA[<=]]> #{endNum} 
	</select>
	
 	<!-- 회원 검색 페이징-->
 	<select id="getMemberListSearchTotal" parameterType="java.util.Map" resultType="int">
		select count(*) from membertable where ${memberSearchOption} like '%'||#{memberSearch}||'%' and code=1
	</select>
	
	<!-- 회원 상세정보 -->
	<select id="getPerformanceView" resultType="performance.bean.Book_exhibition_membersDTO" parameterType="String">
		select * from Book_play_Members where memberid like #{M_Id}
	</select>
	<select id="getExhibitionView" resultType="performance.bean.Book_exhibition_membersDTO" parameterType="String">
		select * from Book_exhibition_Members where memberid like #{M_Id}
	</select>
	
	<select id="getBusinessRoomView" resultType="rental.bean.BusinessRoomDTO" parameterType="String">
		select * from businessRoom where M_id like #{M_Id}  order by seq desc
	</select>
	
	
	
	<!-- 회원 예매 삭제 -->
	<delete id="memberExTicketDelete" parameterType="int">
 		delete Book_exhibition_Members where seq=#{seq}
 	</delete>
 	<delete id="memberPerTicketDelete" parameterType="int">
 		delete Book_play_Members where seq=#{seq}
 	</delete>
 	<delete id="memberBusinessTicketDelete" parameterType="int">
 		delete businessRoom where seq=#{seq}
 	</delete>
	
 	<!-- 사업자정보  -->
 	<select id="getCompanyList" resultType="company" parameterType="java.util.Map">
 		select * from(
		select rownum rn, tt.* from(
		select * from company order by C_businessname)tt
		)where rn <![CDATA[ >= ]]> #{startNum} and rn<![CDATA[<=]]> #{endNum}  
 	</select>
 	
	<!-- 사업자 페이징처리 -->
	<select id="getCompanyTotal" parameterType="java.util.Map" resultType="int">
		select count(*) from company
	</select>
	
 	<!-- 사업자 검색 -->
 	<select id="CompanyListSearch" parameterType="java.util.Map" resultType="company">
		select * from (
		select rownum rn, tt.* from(
		select * from company where ${companySearchOption} like '%'||#{companySearch}||'%' order by C_businessname)tt
		)where rn <![CDATA[ >= ]]> #{startNum} and rn<![CDATA[<=]]> #{endNum} 
	</select>
	
 	<!-- 사업자 검색토탈 페이징-->
 	<select id="getCompanyListSearchTotal" parameterType="java.util.Map" resultType="int">
		select count(*) from company where ${companySearchOption} like '%'||#{companySearch}||'%'
	</select>
	
	<!-- 사업자 상세정보 -->
	<select id="getCompanyExView" resultType="exhibition" parameterType="String">
		select * from exhibitionrental  where C_license like #{C_license}
	</select>
	<select id="getCompanyConView" resultType="rental.bean.ConcertHallDTO" parameterType="String">
		select * from concertHall  where C_license like #{C_license}
	</select>
	
	<!-- 사업자 부스 예약 삭제 -->
	<delete id="companyExDelete" parameterType="int">
 		delete exhibitionRental where seq=#{seq}
 	</delete>
 	
 	<delete id="companyConDelete" parameterType="int">
 		delete concertHall where seq=#{seq}
 	</delete>
 	
 	<!--연극 정보 보기(수정하기 위해)  -->
	<select id="getPlayboard" parameterType="java.lang.String" resultType="eventboard">
		select * from eventboard_play where seq = #{seq}
	</select>	
 	
 	<!--메인이미지 정보 보기(수정하기 위해)  -->
	<select id="getImageboard" parameterType="java.lang.String" resultType="imageboard">
		select * from customerImageboard where seq = #{seq}
	</select>
	<!--메인이미지 정보 수정  -->
	<select id="C_imageboardMod" parameterType="imageboard">
		update customerImageboard set imageName=#{imageName},image1=#{image1},startDate1=#{startDate1},endDate2=#{endDate2},eventLink=#{eventLink} where seq=#{seq}
	</select>
	
	<!--박람회 정보 수정  -->
	<select id="C_eventboardMod" parameterType="eventboard">
		update eventboard set imageName=#{imageName},image1=#{image1},startDate=#{startDate},endDate=#{endDate},
							  eventLink=#{eventLink},startTime=#{startTime},endTime=#{endTime},eventPlace=#{eventPlace},
							  eventPrice=#{eventPrice},eventSeats=#{eventSeats},eventRate=#{eventRate},
							  eventContent=#{eventContent} where seq=#{seq}
	</select>
	
	<!--연극 정보 수정  -->
	<select id="C_playboardMod" parameterType="eventboard">
		update eventboard_play set imageName=#{imageName},image1=#{image1},startDate=#{startDate},endDate=#{endDate},
							  eventLink=#{eventLink},startTime=#{startTime},endTime=#{endTime},eventPlace=#{eventPlace},
							  eventPrice=#{eventPrice},eventSeats=#{eventSeats},eventRate=#{eventRate},
							  eventContent=#{eventContent} where seq=#{seq}
	</select>
	
	<!-- 연극  예매일자 삭제   -->
	<delete id="eventboardDelete_play_book" parameterType="java.util.List">
		delete eventboard_play_book where num in
		<foreach collection="list" item="item" open="(" close=")" separator=",">
			#{item}
		</foreach>
	</delete>	
	
	<!--박람회 일자별 DB 등록 메소드 -->
	<insert id="eventInfoWrite_exhibition_bookDB" parameterType="customerService.bean.ExhibitionBookDTO">
		insert into eventboard_exhibition_book(seq
									,num
									,imageName
									,playDate
									,playTicket
									,remainTicket
									,ticketPrice
									,bookTicket)
							values (seq_eventboard_exhibition_book.nextval
									,#{num}
									,#{imageName}
									,#{playDate}
									,#{playTicket}
									,#{remainTicket}
									,#{ticketPrice}
									,#{bookTicket})
	</insert>
	
	<!-- 연극 수정하기 위해 예매를 날려버린다 -->
	<delete id="C_playboardBookDel" parameterType="eventboard">
		delete eventboard_play_book where num=#{seq}
	</delete>
	
	<!--연극삽입하기 위해 시퀀스 가져오기  -->
	<select id="eventInfoWrite_play2" parameterType="eventboard" resultType="eventboard">
		select * from eventboard_play where imageName=#{imageName} and startDate=#{startDate} and eventPlace=#{eventPlace}
	</select>
	
	<!--박람회 삽입하기 위해 시퀀스 가져오기  -->
	<select id="eventInfoWrite2" parameterType="eventboard" resultType="eventboard">
		select * from eventboard where imageName=#{imageName} and startDate=#{startDate} and eventPlace=#{eventPlace}
	</select>
	
	<!-- 박람회  예매일자 삭제   -->
	<delete id="eventboardDelete_book" parameterType="java.util.List">
		delete eventboard_exhibition_book where num in
		<foreach collection="list" item="item" open="(" close=")" separator=",">
			#{item}
		</foreach>
	</delete>
	
	<!-- 박람회 수정하기 위해 예매를 날려버린다 -->
	<delete id="C_exhibitionboardBookDel" parameterType="eventboard">
		delete eventboard_exhibition_book where num=#{seq}
	</delete>
 	
 	<!--전시회 층 예약 중복 체크  -->
 	<select id="checkReservation_exhibition" parameterType="java.util.Map" resultType="eventboard">
 		select * from(
		select * from eventboard where startDate <![CDATA[ <= ]]> #{startDate} and enddate <![CDATA[ >= ]]> #{endDate} and eventPlace = #{eventPlace}
		union
		select * from eventboard where endDate <![CDATA[ <= ]]> #{startDate} and enddate <![CDATA[ >= ]]> #{endDate} and eventPlace = #{eventPlace})
 	</select>
 	
 	<!--연극 공연장 예약 중복 체크  -->
 	<select id="checkReservation_performance" parameterType="java.util.Map" resultType="eventboard">
 		select * from(
		select * from eventboard_play where startDate <![CDATA[ <= ]]> #{startDate} and enddate <![CDATA[ >= ]]> #{endDate} and eventPlace = #{eventPlace}
		union
		select * from eventboard_play where endDate <![CDATA[ <= ]]> #{startDate} and enddate <![CDATA[ >= ]]> #{endDate} and eventPlace = #{eventPlace})
 	</select>
 	
 	<!-- 박람회 수정하기위해 일단 날짜 초기화 -->
 	<update id="eventboardModDelete" parameterType="String">
 		update eventboard set startDate='1900-01-01' , endDate ='1900-01-01' where seq=#{seq}
 	</update>
 	
 	<!-- 박람회 수정하기위해 예매일자 초기화 -->
 	<delete id="eventboardModDelete_book" parameterType="String">
 		delete from EVENTBOARD_EXHIBITION_BOOK where num=#{seq}
 	</delete>
 	
 	<!-- 공연 수정하기위해 일단 날짜 초기화 -->
 	<update id="eventboard_playModDelete" parameterType="String">
 		update eventboard_play set startDate='1900-01-01' , endDate ='1900-01-01' where seq=#{seq}
 	</update>
 	
 </mapper>
 
 
 
 
 
 
 
 
 
 
 
 
 
 
 
 
 
 
 
 
 
 
 
 
 