<?xml version="1.0" encoding="UTF-8"?>
<!DOCTYPE mapper
 PUBLIC "-//mybatis.org//DTD Mapper 3.0//EN"
 "http://mybatis.org/dtd/mybatis-3-mapper.dtd">
 <mapper namespace="exhibitionSQL">
 	<select id="searchRentDay" parameterType="java.util.Map" resultType="exhibition">
 		select * from exhibitionRental where boothName=#{boothName} and (#{startDate} between startDate and endDate or #{endDate} between startDate and endDate)
 	</select>
 	
 	<insert id="reservationHoll" parameterType="exhibition">
 		insert into exhibitionRental(seq,boothName, C_license, C_tel, C_email, totalRent, code, title, startDate, endDate) 
 									values(seq_exhibitionRental.nextval
 											,#{boothName}
 											, #{C_license}
 											, #{C_tel}
 											, #{C_email}
 											, #{totalRent}
 											, #{code}
 											, #{title}
 											, #{startDate}
 											, #{endDate})
 	</insert>
 	
 	<select id="getCalendar" resultType="exhibition">
 		select boothName, C_license, C_tel, C_email, totalRent, code, title, startDate, endDate+1 endDate from exhibitionRental where boothName=#{booth}
 	</select>
 	<select id="getAllCalendar" resultType="exhibition">
 		select * from exhibitionRental
 	</select>
 	
 	<select id="getRateExhibition" parameterType="String" resultType="int">
 		select rate from boothRate where boothName=#{booth}
 	</select>
 	
 	<update id="updateExhibitionRate" parameterType="java.util.Map">
 		update boothRate set rate=${rate} where boothName=#{booth} 
 	</update>
 	
</mapper>