<?xml version="1.0" encoding="UTF-8"?>

<beans xmlns="http://www.springframework.org/schema/beans"
	xmlns:xsi="http://www.w3.org/2001/XMLSchema-instance"
	xmlns:context="http://www.springframework.org/schema/context"
	xmlns:tx="http://www.springframework.org/schema/tx"
	xsi:schemaLocation="http://www.springframework.org/schema/beans http://www.springframework.org/schema/beans/spring-beans.xsd
		http://www.springframework.org/schema/context http://www.springframework.org/schema/context/spring-context.xsd
		http://www.springframework.org/schema/tx http://www.springframework.org/schema/tx/spring-tx-4.3.xsd">
    
    <context:component-scan base-package="com.conf"/>
    <context:component-scan base-package="member.dao"/>
    <context:component-scan base-package="member.bean"/>
    <context:component-scan base-package="company.dao"/>
    <context:component-scan base-package="company.bean"/>
    <context:component-scan base-package="customerService.bean"/>
    <context:component-scan base-package="customerService.dao"/>
    <context:component-scan base-package="performance.bean"/>
    <context:component-scan base-package="performance.dao"/>
    <context:component-scan base-package="rental.bean"/>
    <context:component-scan base-package="rental.dao"/>
    <context:component-scan base-package="main.dao"/>
	<context:component-scan base-package="main.bean"/>
	
	<!-- SqlSessionFactory -->
	<bean id="sqlSessionFactory" class="org.mybatis.spring.SqlSessionFactoryBean">
		<!-- <property name="dataSource" ref="getBasicDataSource"/> -->
		<property name="dataSource" ref="dataSource"/>
		<property name="configLocation" value="classpath:spring/mybatis-config.xml"/>
		<property name="mapperLocations" value="classpath:*/dao/*Mapper.xml"/>
	</bean>
	
	<!-- SqlSession -->
	<bean id="sqlSession" class="org.mybatis.spring.SqlSessionTemplate">
		<constructor-arg name="sqlSessionFactory" ref="sqlSessionFactory"/>
	</bean>
	
	<!-- Transaction -->
	<bean id="transactionManager"
		  class="org.springframework.jdbc.datasource.DataSourceTransactionManager">
		<!-- <property name="dataSource" ref="getBasicDataSource"/> -->		  
		<property name="dataSource" ref="dataSource"/>
	</bean>
</beans>




