<?xml version="1.0" encoding="UTF-8"?>

<beans xmlns="http://www.springframework.org/schema/beans"
	xmlns:xsi="http://www.w3.org/2001/XMLSchema-instance"
	xmlns:mvc="http://www.springframework.org/schema/mvc"
	xmlns:context="http://www.springframework.org/schema/context"
	xmlns:p="http://www.springframework.org/schema/p"
	xsi:schemaLocation="http://www.springframework.org/schema/mvc http://www.springframework.org/schema/mvc/spring-mvc.xsd
		http://www.springframework.org/schema/beans http://www.springframework.org/schema/beans/spring-beans.xsd
		http://www.springframework.org/schema/context http://www.springframework.org/schema/context/spring-context.xsd">

 	<context:component-scan base-package="main.controller"/>
 	<context:component-scan base-package="company.controller"/>
 	<context:component-scan base-package="member.controller"/>
 	<context:component-scan base-package="login.controller"/>
	<context:component-scan base-package="customerService.controller"/> 
	<context:component-scan base-package="introduction.controller"/>
	<context:component-scan base-package="performance.controller"/>
	<context:component-scan base-package="rental.controller"/>
	<context:component-scan base-package="traffic.controller"/>

	<bean class="org.springframework.web.servlet.view.InternalResourceViewResolver">
		<property name="suffix" value=".jsp"/>
	</bean>
	
	<!-- jsonView -->
	<bean id="jsonView" 
	      class="org.springframework.web.servlet.view.json.MappingJackson2JsonView">
		<property name="contentType" value="text/html;charset=UTF-8"/>
	</bean>
	
	<bean id="beanNameResolver" 
		  class="org.springframework.web.servlet.view.BeanNameViewResolver">
		<property name="order" value="0"/>
	</bean>
	
	<!-- 파일 업로드 -->
	<bean id="multipartResolver"
		  class="org.springframework.web.multipart.commons.CommonsMultipartResolver"
		  p:maxUploadSize="5000000" />
	
	<bean id="emailSender"
		class="org.springframework.mail.javamail.JavaMailSenderImpl">
		<property name="host" value="smtp.gmail.com"/>
		<property name="port" value="587"/>
		<property name="username" value="jbi8045@gmail.com"/>
		<property name="password" value="wjsqndlf1"/>
		<property name="javaMailProperties">
			<props>
				<prop key="mail.smtp.auth">true</prop>
				<prop key="mail.smtp.starttls.enable">true</prop>
			</props>
		</property>
	</bean> 				  
			  
</beans>















