<?xml version="1.0" encoding="UTF-8"?>
<!DOCTYPE mapper
 PUBLIC "-//mybatis.org//DTD Mapper 3.0//EN"
 "http://mybatis.org/dtd/mybatis-3-mapper.dtd">
 <mapper namespace="companySQL">
 <!-- 회원가입 -->
 	<insert id="companyWrite" parameterType="company">
 		insert into company values(#{C_businessname},
	 							   #{C_license},
	 						       #{C_password},
	 						       #{C_corporate},
	 						       #{C_condition},
	 						       #{C_postnumbox},
	 						       #{C_address1},
	 						       #{C_address2},
	 						       #{C_representative},
	 						       #{C_tel},
	 						       #{C_email},
	 						       2)
 	</insert>
 	
 	<!--로그인-->
 	<select id="companyLogin" parameterType="java.util.Map" resultType="company">
 		select * from company where C_license = #{C_license} and
 									C_password = #{C_password}
 	</select>
 	
 	<!--사업자번호 중복체크-->
	<select id="companyCheck" parameterType="java.lang.String" resultType="company">
		select * from company where C_license = #{sNum}
	</select>
	
	<!--이메일 체크-->
	<select id="companyEmail" parameterType="java.util.Map" resultType="company">
		select * from company where C_email = #{C_email} and C_license = #{C_license}
	</select>
	
	<!-- 임시비밀번호로 변경 -->
	<update id="changeCpwd" parameterType="java.util.Map">
		update company set C_password = #{C_password} where C_license = #{C_license}
	</update>
	
	<!-- 사업자정보수정 -->
	<update id="modifyCompany" parameterType="java.util.Map">
		update company set C_password = #{C_password}, C_condition = #{C_condition},
						   C_postnumbox = #{C_postnumbox}, C_address1 = #{C_address1},
						   C_address2 = #{C_address2}, C_tel = #{C_tel},
						   C_email = #{C_email} where C_license = #{C_license}
	</update>
	
	<!-- 사업자 탈퇴 -->
	<delete id="deleteCompany" parameterType="java.util.Map">
		delete from company where C_license = #{C_license} and C_password = #{C_password}
	</delete>
	
	<!--박람회 임대리스트-->
 	<select id="getExhibitionList" parameterType="java.util.Map" resultType="exhibition">
 		select * from EXHIBITIONRENTAL where C_license = #{C_license} and enddate <![CDATA[>=]]> #{dateM} order by startdate
 	</select>
 	
 	<!--공연 임대리스트-->
 	<select id="getPlayList" parameterType="java.util.Map" resultType="concert">
 		select * from concertHall where C_license = #{C_license} and enddate <![CDATA[>=]]> #{dateM} order by startdate
 	</select>
 	
 	<!--모든 임대리스트-->
 	<select id="getAllRentalList" parameterType="java.util.Map" resultType="exhibition">
 		select * from(
		select  rownum rn, tt.* from(select boothname,c_license,c_tel,c_email,title,startdate,enddate from EXHIBITIONRENTAL  where enddate <![CDATA[<]]> #{dateM}
		union
		select hallname as boothname,c_license,c_tel,c_email,title,startdate,enddate from CONCERTHALL where enddate <![CDATA[<]]> #{dateM})tt
		)where rn <![CDATA[>=]]> #{startNum} and rn <![CDATA[<=]]> #{endNum} order by startdate desc
 	</select>
 	
 	<!--이전 임대리스트 총글-->
 	<select id="mypageRentalPastTotal" resultType="Integer">
 		(select count(*) from
 		(select boothname,c_license,c_tel,c_email,title,startdate,enddate from EXHIBITIONRENTAL
		union
		select hallname as boothname,c_license,c_tel,c_email,title,startdate,enddate from CONCERTHALL) where enddate <![CDATA[<=]]> #{dateM})
 	</select>
 	
 	<!-- 임대한 박람회 부스 삭제 -->
 	<delete id="deleteExBooth" parameterType="java.util.Map">
 		delete from EXHIBITIONRENTAL where boothName=#{boothName} and title=#{title} and startDate=#{startDate} and endDate=#{endDate}
 	</delete>
 	
 	<!-- 임대한 콘서트 부스 삭제 -->
 	<delete id="deleteCoBooth" parameterType="java.util.Map">
 		delete from CONCERTHALL where hallName=#{boothName} and title=#{title} and startDate=#{startDate} and endDate=#{endDate}
 	</delete>
 	
 	<!--법인번호 중복체크-->
	<select id="checkId2" parameterType="java.lang.String" resultType="company">
		select * from company where C_corporate = #{sNum2}
	</select>
	
</mapper>